1,Enrique,Rourke,Anderson,55,Calle:Tekit Colonia:Acanceh Alcaldia:Tlalpan C.P:14714,Cometa-Fauna,Ecovida-Ciencia T
2,Nepamuceno,Flores,Flores,20,Calle: Acazacatongo Colonia:Acazacatongo Alcaldia:Tlalpan C.P:14714,Escuela Global-Fauna,cienbidura-Metro
3,Adrián,Gómez,Yorke,39,Calle:Escollo Colonia:Acueducto 1ra. Sección Alcaldia:Tlalpan C.P:14714,Nuevo Amanecer-Progreso-Cometa,Unidad-Metro
4,Ramon,Greenwood,Smith,55,Calle:Uxmal Colonia:Área de los Venados (La SIREFA) Alcaldia:Tlalpan C.P:14700,Internacional-Nuevo Rumbo-Cometa,Jupiter-Apoyo comunitario
5,Sebastian,Cruz,Michaels,31,Calle:Granada Colonia:Arenitas Alcaldia:Tlalpan C.P:14906,Cometa,Omega-Ciencia T
6,Jordan,Gómez,Joyce,32,Calle:Iglesias Colonia:Cañada del Acueducto Alcaldia:Tlalpan C.P:14714,Fauna,Fenix-viendo hacia el futuro
7,Angel,Gutiérrez,Williams,42,Calle:Villa Ahumada Colonia:Cansacaballos Alcaldia:Tlalpan C.P:14714,Cometa-Progreso,preludio-Fenix
8,Adrián,Morales,Greenwood,63,Calle:Loma Bonita Colonia:Casa Solar Alcaldia:Tlalpan C.P:14714,Flora-Nuevo Amanecer,Omega-Catarsis
9,Antonela,Villa,Torres,45,Calle:Japeto Colonia:Arboledas del Sur Alcaldia:Tlalpan C.P:14376,ONG-Flora,Ciclon-Langosta
10,Alejandro,O'Brien,Byrne,21,Calle:Roque Estrada Colonia:Belisario domínguez Alcaldia:Tlalpan C.P:14310,Nuevo Amanecer-Escuela Global,Catarsis-preludio
11,Alejandro,Reyes,Brown,41,Calle:Jardín Colonia: Belisario Domínguez Sección XVI Alcaldia:Tlalpan C.P:14080,Nuevo Amanecer-Flora,preludio-Durango
12,Daniela,Yañes,Davis,47,Calle:Carrizal Colonia:Ex Hacienda Coapa Alcaldia:Tlalpan C.P:14308,Cometa-Nuevo Rumbo,Durango-Saber más
13,Gabriel,Jones,Morales,36,Calle:Avenida Fuentes Brotantes Colonia:Fuentes Brotantes Alcaldia:Tlalpan C.P:14410,Flora-Internacional-Mundo Educa,Humanidaria-cienbidura
14,Matias,Williams,Miller,24,Calle:Fuente de La Vida Colonia:Fuentes del Pedregal Alcaldia:Tlalpan C.P:14140,Internacional-Nuevo Amanecer,Fenix-Langosta
15,Miguel,Gutiérrez,Yorke,47,Calle:Fuente de La Luz Colonia:Fuentes del Pedregal Alcaldia:Tlalpan C.P:14140,Nuevo Amanecer-ONG-Cometa,Conciencia Colectiva-Agua y vida
16,Anastasio,Villa,Johnson,27,Calle:Fuente de Las Estrellas Colonia:Fuentes del Pedregal Alcaldia:Tlalpan C.P:14140,Nuevo Rumbo-Nuevo Amanecer,Langosta-Don Gato
17,Samantha,Ramírez,Weinstein,53,Calle:Fuente del Saber Colonia:Fuentes del Pedregal Alcaldia:Tlalpan C.P:14140,Nuevo Amanecer-ONG,Don Gato-Revolucion Tecnologica
18,Ramon,Greenwood,Rivera,42,Calle:Fuente del Tesoro Colonia:Fuentes del Pedregal Alcaldia:Tlalpan C.P:14140,Progreso-Escuela Global-Cometa,Revolucion Tecnologica-Ciencia T
19,Anastasio,González,Morrissey,35,Calle:Fuente del Amor Colonia:Fuentes del Pedregal Alcaldia:Tlalpan C.P:14140,Fauna-Nuevo Rumbo-Cometa,ProTierra-Ciclon
20,Rafael,López,Martínez,54,Calle:Cañaverales Colonia:Granjas Coapa Alcaldia:Tlalpan C.P:14330,Cometa-Nuevo Rumbo,Cerebros Exploradores-Sputnik
21,Ramon,Rourke,Villa,34,Calle:Cerezos Colonia:Granjas Coapa Alcaldia:Tlalpan C.P:14330,Flora,Apoyo comunitario-Jupiter
22,Luis,Smith,González,65,Calle:Xochitl Colonia:Fuentes de Tepepan Alcaldia:Tlalpan C.P:14643,Progreso-Flora-Internacional,Conciencia-Ciencia T
23,Anastasio,Rivera,Quintero,23,Calle:La Tortuga Colonia:Fuentes de Tepepan Alcaldia:Tlalpan C.P:14643,Flora-Mundo Educa-Fauna,Ecovida-Humanidaria
24,Marisol,Hernández,Jackson,34,Calle:Camino Real Al Ajusco Colonia:Fuentes de Tepepan Alcaldia:Tlalpan C.P:14643,Cometa-Internacional,Saber más-Hazlo Posible
25,Anastasio,Wilkins,Rodríguez,31,Calle:Tecuantitla Colonia:Fuentes de Tepepan Alcaldia:Tlalpan C.P:14643,Nuevo Rumbo-Flora-Progreso,ProTierra-Tecno
26,Matias,Torres,Díaz,26,Calle:Fuente El Viejo Colonia:Fuentes de Tepepan Alcaldia:Tlalpan C.P:14643,Nuevo Rumbo-Cometa-Internacional,preludio-Metro
27,Sofia,Gómez,Yañes,28,Calle:Fuente Liante Colonia:Fuentes de Tepepan Alcaldia:Tlalpan C.P:14643,Escuela Global,Ecovida-Revolucion Tecnologica
28,Jordan,Rivera,Byrne,65,Calle:Fuentes Bellas Colonia:Fuentes de Tepepan Alcaldia:Tlalpan C.P:14643,Flora,Rosas-Aprendizaje Dinamico
29,Saul,Torres,Gutiérrez,57,Calle:Belén Colonia:Ex Hacienda San Juan de Dios Alcaldia:Tlalpan C.P:14387,Fauna-Internacional-Progreso,Nelson-cienbidura
30,Alejandro,Weinstein,Quintero,50,Calle:Colegio de Minería Colonia:Ex Hacienda San Juan de Dios Alcaldia:Tlalpan C.P:14387,ONG,Fenix-Unidad
31,Grasiela,Gutiérrez,Joyce,38,Calle:Colegio Niñas Colonia:Ex Hacienda San Juan de Dios Alcaldia:Tlalpan C.P:14387,Escuela Global-Mundo Educa,Laguna-Durango
32,Annie,Villa,Reyes,23,Calle:Jalpillo Colonia:Ex Hacienda San Juan de Dios Alcaldia:Tlalpan C.P:14387,Cometa,Luciernaga-Revolucion Tecnologica
33,Enrique,Davis,Morrissey,45,Calle:La Rosa Colonia:Ex Hacienda San Juan de Dios Alcaldia:Tlalpan C.P:14387,Internacional-Cometa,Reconstruccion-Hazlo Posible
34,Saul,Wilkins,Wilkins,60,Calle:Enseñanza Colonia:Ex Hacienda San Juan de Dios Alcaldia:Tlalpan C.P:14387,Nuevo Rumbo-Progreso,Langosta-preludio
35,Luis,West,Byrne,19,Calle:San Camilo Colonia:Ex Hacienda San Juan de Dios Alcaldia:Tlalpan C.P:14387,Mundo Educa-Cometa,Don Gato-Mundo Tecnologico
36,Saul,Greenwood,Weinstein,57,Calle:Lomas del Tianguillo Colonia:El Tianguillo Alcaldia:Tlalpan C.P:14735,Cometa-Escuela Global-Mundo Educa,Ciclon-Mundo Tecnologico
37,Ramon,Miller,Yorke,43,Calle:Calzada la Palma Colonia:El Tianguillo Alcaldia:Tlalpan C.P:14735,ONG-Progreso-Escuela Global,Revolucion Tecnologica-Hercules
38,Bastian,Morrissey,Flores,51,Calle:Calzada de las Flores Colonia:El Tianguillo Alcaldia:Tlalpan C.P:14735,Progreso-Escuela Global,Omega-Humanidaria
39,Samantha,Rivera,Ramírez,64,Calle:Tercera Calzada Monte de las Cruces Colonia:El Tianguillo Alcaldia:Tlalpan C.P:14735,Nuevo Rumbo,Catarsis-Metro
40,Kytzia,Byrne,Ortiz,29,Calle:Primera Calzada Encino Colonia:El Tianguillo Alcaldia:Tlalpan C.P:14735,Mundo Educa-Nuevo Amanecer-Fauna,Unidad-Hercules
41,Sofia,Weinstein,Jones,53,Calle:Melchor Ocampo Colonia:Villa Tlalpan Alcaldia:Tlalpan C.P:14630,Mundo Educa,preludio-Metro
42,Francisco,Jackson,Johnson,63,Calle:Ejidatarios Colonia:Villa Tlalpan Alcaldia:Tlalpan C.P:14630,Flora,Apoyo comunitario-Fenix
43,Enrique,Cruz,Sánchez,65,Calle:Antiguo Camino A San Pedro Colonia:Villa Tlalpan Alcaldia:Tlalpan C.P:14630,Cometa-Nuevo Rumbo,preludio-Nelson
44,Enrique,Weinstein,Greenwood,18,Calle:Comuneros Colonia:Villa Tlalpan Alcaldia:Tlalpan C.P:14630,Progreso-Flora-Internacional,Ciencia T-Tecno
45,Adrián,Díaz,Martínez,50,Calle:Chabacano Colonia:Vistas del Pedregal Alcaldia:Tlalpan C.P:14737,Internacional-Flora,viendo hacia el futuro-Ciencia T
46,Francisco,Brown,Jones,56,Calle:Naranjos Colonia:Vistas del Pedregal Alcaldia:Tlalpan C.P:14737,Flora-Nuevo Amanecer-ONG,Apoyo comunitario-Durango
47,Nepamuceno,Davis,Joyce,49,Calle:Parcela de Trigo Colonia:Vistas del Pedregal Alcaldia:Tlalpan C.P:14737,ONG,Fenix-Sputnik
48,Jesica,Gómez,Quintero,61,Calle:Capulín Colonia:Vistas del Pedregal Alcaldia:Tlalpan C.P:14737,Flora-Nuevo Amanecer-ONG,Metro-Fenix
49,Sofia,Smith,Rivera,30,Calle:Sabinos Colonia:Vistas del Pedregal Alcaldia:Tlalpan C.P:14737,Nuevo Amanecer,Mundo Tecnologico-Cerebros Exploradores
50,Jesica,O'Brien,Reyes,54,Calle:Sierra Nevada Colonia:Lomas de Chapultepec Alcaldia:Miguel Hidalgo C.P:11000,ONG-Fauna,Laguna-preludio
