1,Federico,Jones,Greenwood,30,Calle:Tekit Colonia:Acanceh Alcaldia:Tlalpan C.P:14714
2,Sofia,Brown,Rivera,45,Calle: Acazacatongo Colonia:Acazacatongo Alcaldia:Tlalpan C.P:14714
3,Roque,Díaz,Quintero,42,Calle:Escollo Colonia:Acueducto 1ra. Sección Alcaldia:Tlalpan C.P:14714
4,Adrián,Byrne,Reyes,61,Calle:Uxmal Colonia:Área de los Venados (La SIREFA) Alcaldia:Tlalpan C.P:14700
5,Pedro,Cruz,Morales,62,Calle:Granada Colonia:Arenitas Alcaldia:Tlalpan C.P:14906
6,Frida,Smith,Cruz,60,Calle:Iglesias Colonia:Cañada del Acueducto Alcaldia:Tlalpan C.P:14714
7,Clara,González,Johnson,21,Calle:Villa Ahumada Colonia:Cansacaballos Alcaldia:Tlalpan C.P:14714
8,Ramon,Rivera,O'Brien,57,Calle:Loma Bonita Colonia:Casa Solar Alcaldia:Tlalpan C.P:14714
9,Marta,Davis,Gómez,35,Calle:Japeto Colonia:Arboledas del Sur Alcaldia:Tlalpan C.P:14376
10,Lorena,Yañes,Torres,63,Calle:Roque Estrada Colonia:Belisario domínguez Alcaldia:Tlalpan C.P:14310
11,Daniela,Davis,Rivera,62,Calle:Jardín Colonia: Belisario Domínguez Sección XVI Alcaldia:Tlalpan C.P:14080
12,Samantha,Brown,Morrissey,65,Calle:Carrizal Colonia:Ex Hacienda Coapa Alcaldia:Tlalpan C.P:14308
13,Marco,Morales,Díaz,34,Calle:Avenida Fuentes Brotantes Colonia:Fuentes Brotantes Alcaldia:Tlalpan C.P:14410
14,Clara,Yorke,Rivera,45,Calle:Fuente de La Vida Colonia:Fuentes del Pedregal Alcaldia:Tlalpan C.P:14140
15,Saul,Gómez,Yorke,48,Calle:Fuente de La Luz Colonia:Fuentes del Pedregal Alcaldia:Tlalpan C.P:14140
16,Kytzia,Jones,Joyce,45,Calle:Fuente de Las Estrellas Colonia:Fuentes del Pedregal Alcaldia:Tlalpan C.P:14140
17,Rodrigo,Pérez,Anderson,28,Calle:Fuente del Saber Colonia:Fuentes del Pedregal Alcaldia:Tlalpan C.P:14140
18,Samantha,Morrissey,Brown,37,Calle:Fuente del Tesoro Colonia:Fuentes del Pedregal Alcaldia:Tlalpan C.P:14140
19,Sergio,Weinstein,Gómez,60,Calle:Fuente del Amor Colonia:Fuentes del Pedregal Alcaldia:Tlalpan C.P:14140
20,Samantha,Weinstein,Miller,41,Calle:Cañaverales Colonia:Granjas Coapa Alcaldia:Tlalpan C.P:14330
21,Bastian,Miller,West,65,Calle:Cerezos Colonia:Granjas Coapa Alcaldia:Tlalpan C.P:14330
22,Enrique,López,Hazel,19,Calle:Xochitl Colonia:Fuentes de Tepepan Alcaldia:Tlalpan C.P:14643
23,Grasiela,Greenwood,Villa,31,Calle:La Tortuga Colonia:Fuentes de Tepepan Alcaldia:Tlalpan C.P:14643
24,Daniela,Hernández,González,58,Calle:Camino Real Al Ajusco Colonia:Fuentes de Tepepan Alcaldia:Tlalpan C.P:14643
25,Angel,Miller,Flores,23,Calle:Tecuantitla Colonia:Fuentes de Tepepan Alcaldia:Tlalpan C.P:14643
26,Frida,Torres,Torres,64,Calle:Fuente El Viejo Colonia:Fuentes de Tepepan Alcaldia:Tlalpan C.P:14643
27,Luis,Joyce,Cruz,25,Calle:Fuente Liante Colonia:Fuentes de Tepepan Alcaldia:Tlalpan C.P:14643
28,Federico,López,González,36,Calle:Fuentes Bellas Colonia:Fuentes de Tepepan Alcaldia:Tlalpan C.P:14643
29,Marisol,Wilkins,Miller,42,Calle:Belén Colonia:Ex Hacienda San Juan de Dios Alcaldia:Tlalpan C.P:14387
30,Marta,Smith,Jackson,57,Calle:Pisos picados Colonia:Fortnite Alcaldia:Epic Games C.P:598
